{"timestamps": [1477832719.997128, 1477832726.901881], "initial_reset_timestamp": 1477832708.924938, "episode_types": ["t", "t"], "episode_lengths": [200, 200], "episode_rewards": [200.0, 200.0]}