{"timestamps": [1477561445.416123, 1477561445.980935, 1477561446.078077, 1477561446.095071, 1477561446.10149, 1477561446.11748, 1477561446.128583, 1477561446.145216, 1477561446.688317, 1477561446.778747], "initial_reset_timestamp": 1477561441.994163, "episode_types": ["t", "t", "t", "t", "t", "t", "t", "t", "t", "t"], "episode_lengths": [14, 40, 17, 14, 11, 10, 15, 14, 27, 19], "episode_rewards": [14.0, 40.0, 17.0, 14.0, 11.0, 10.0, 15.0, 14.0, 27.0, 19.0]}