{"timestamps": [1478230642.392994], "initial_reset_timestamp": 1478230639.875759, "episode_types": ["t"], "episode_lengths": [64], "episode_rewards": [-100.20938458704363]}