{"timestamps": [1478226962.483439, 1478226966.495449, 1478226967.762045, 1478226968.793171, 1478226970.494453, 1478226971.474038, 1478226972.948806, 1478226974.619608, 1478226976.953892, 1478226978.765713, 1478226980.014568, 1478226981.645716, 1478226983.067379, 1478226984.759119, 1478226986.457102, 1478226988.10531, 1478226989.810232, 1478226991.518392, 1478226993.232655, 1478226994.466586], "initial_reset_timestamp": 1478226959.911669, "episode_types": ["t", "t", "t", "t", "t", "t", "t", "t", "t", "t", "t", "t", "t", "t", "t", "t", "t", "t", "t", "t"], "episode_lengths": [65, 100, 70, 62, 100, 56, 85, 88, 52, 100, 73, 96, 82, 100, 100, 99, 100, 100, 100, 72], "episode_rewards": [-100.31876887726871, -13.788988743734279, -105.10467332185246, -102.90383565953854, -11.41463364923008, -103.22819293677401, -102.70926793818234, -101.96163477918854, -112.2381401838141, -7.0986429478593012, -102.27949162694073, -118.05331743537424, -101.19158546104192, -9.4699772928806354, -9.1102154444972872, -101.3442818782336, -2.693477865478481, -5.6111214497614785, -0.47073071900108354, -118.84589809129486]}