{"timestamps": [1477791613.585573, 1477791616.09757, 1477791616.445643, 1477791616.73289, 1477791617.048777, 1477791617.329789, 1477791617.614372, 1477791617.930432, 1477791620.52577, 1477791620.875711], "initial_reset_timestamp": 1477791606.214043, "episode_types": ["t", "t", "t", "t", "t", "t", "t", "t", "t", "t"], "episode_lengths": [100, 100, 100, 100, 100, 100, 100, 100, 100, 100], "episode_rewards": [100.0, 100.0, 100.0, 100.0, 100.0, 100.0, 100.0, 100.0, 100.0, 100.0]}