{"timestamps": [1477526599.796638, 1477526600.129147, 1477526600.286017, 1477526600.452825, 1477526600.602402, 1477526600.768927, 1477526600.918778, 1477526601.068891, 1477526601.445054, 1477526601.58464, 1477526601.752071, 1477526601.917979, 1477526602.050884, 1477526602.184197, 1477526602.352476, 1477526602.517696, 1477526602.650365, 1477526602.800301, 1477526602.951595, 1477526603.08387], "initial_reset_timestamp": 1477526599.227334, "episode_types": ["t", "t", "t", "t", "t", "t", "t", "t", "t", "t", "t", "t", "t", "t", "t", "t", "t", "t", "t", "t"], "episode_lengths": [9, 8, 10, 10, 9, 10, 9, 9, 10, 9, 10, 10, 8, 8, 10, 10, 8, 9, 9, 8], "episode_rewards": [9.0, 8.0, 10.0, 10.0, 9.0, 10.0, 9.0, 9.0, 10.0, 9.0, 10.0, 10.0, 8.0, 8.0, 10.0, 10.0, 8.0, 9.0, 9.0, 8.0]}