{"timestamps": [1477547968.23925, 1477547968.885731, 1477547969.11104, 1477547969.399694, 1477547969.768099, 1477547970.003505, 1477547970.152063, 1477547970.309652, 1477547971.36629, 1477547971.579366], "initial_reset_timestamp": 1477547966.576679, "episode_types": ["t", "t", "t", "t", "t", "t", "t", "t", "t", "t"], "episode_lengths": [26, 27, 47, 54, 74, 56, 31, 40, 33, 27], "episode_rewards": [26.0, 27.0, 47.0, 54.0, 74.0, 56.0, 31.0, 40.0, 33.0, 27.0]}